instance,seed,config,gec_max_depth,nv,td,feasible,runtime_sec
C101,42,Full,3,10,828.936866942834,True,5.513580083847046
C101,46,Full,3,10,828.936866942834,True,5.647071123123169
C101,45,Full,3,10,828.936866942834,True,6.118825912475586
C101,43,Full,3,10,828.936866942834,True,6.427039861679077
C101,44,Full,3,10,828.936866942834,True,7.247704029083252
RC101,42,Full,3,15,1746.2650973997197,True,40.023685932159424
R101,42,Full,3,19,1650.7992395710685,True,51.69533061981201
R101,43,Full,3,19,1650.7992395710683,True,49.77152395248413
R101,44,Full,3,19,1650.7992395710683,True,50.592795848846436
R101,45,Full,3,19,1650.7992395710683,True,51.78958511352539
R101,46,Full,3,19,1650.7992395710683,True,52.57170581817627
c1_2_1,43,Full,3,20,2704.5677663304737,True,42.43919897079468
RC101,44,Full,3,14,1708.1483274044183,True,56.0710768699646
RC101,43,Full,3,14,1745.4134760578881,True,60.67653560638428
RC101,45,Full,3,15,1644.8003028328094,True,60.0725200176239
RC101,46,Full,3,15,1644.8003028328094,True,60.04571008682251
c1_2_1,42,Full,3,20,2704.5677663304737,True,63.73269510269165
c1_2_1,44,Full,3,20,2704.5677663304737,True,59.66315412521362
c1_2_1,45,Full,3,20,2704.5677663304737,True,55.24348306655884
c1_2_1,46,Full,3,20,2704.5677663304737,True,63.931758880615234
r1_2_1,43,Full,3,20,4859.996830116382,True,66.93209528923035
r1_2_1,44,Full,3,20,4827.523137236149,True,82.84335112571716
r1_2_1,42,Full,3,20,4872.224736666523,True,91.07837796211243
r1_2_1,46,Full,3,20,4823.7410050077015,True,108.3153760433197
r1_2_1,45,Full,3,20,4834.521550185179,True,116.72880911827087
C101,42,wo_GEC,1,10,828.936866942834,True,4.167857885360718
C101,43,wo_GEC,1,10,828.936866942834,True,4.0853681564331055
C101,44,wo_GEC,1,10,828.936866942834,True,4.835610866546631
rc1_2_1,42,Full,3,19,3632.5034395296025,True,120.02283000946045
C101,45,wo_GEC,1,10,828.936866942834,True,4.797661066055298
C101,46,wo_GEC,1,10,828.936866942834,True,4.45834493637085
rc1_2_1,43,Full,3,19,3567.2787440246225,True,120.11585092544556
rc1_2_1,45,Full,3,18,4188.718699446588,True,103.4002091884613
rc1_2_1,44,Full,3,19,3582.2906002696973,True,120.02470207214355
R101,43,wo_GEC,1,19,1650.7992395710683,True,47.77559280395508
R101,42,wo_GEC,1,19,1650.7992395710683,True,52.389089822769165
R101,44,wo_GEC,1,19,1650.7992395710683,True,51.409512758255005
R101,45,wo_GEC,1,19,1650.7992395710685,True,52.26486301422119
R101,46,wo_GEC,1,19,1650.7992395710685,True,52.43970203399658
RC101,44,wo_GEC,1,14,1729.474907284129,True,28.848346948623657
rc1_2_1,46,Full,3,19,3619.5058611862537,True,120.46487498283386
RC101,42,wo_GEC,1,14,1708.1483274044183,True,58.74696183204651
RC101,43,wo_GEC,1,15,1656.8560422355736,True,60.011682987213135
RC101,45,wo_GEC,1,15,1652.7284580301625,True,60.455639123916626
c1_2_1,43,wo_GEC,1,20,2704.5677663304737,True,44.02114009857178
RC101,46,wo_GEC,1,15,1645.5434971791656,True,60.71065592765808
c1_2_1,42,wo_GEC,1,20,2704.5677663304728,True,60.42408299446106
c1_2_1,45,wo_GEC,1,20,2704.5677663304737,True,48.12340497970581
c1_2_1,44,wo_GEC,1,20,2704.5677663304737,True,74.07878494262695
c1_2_1,46,wo_GEC,1,20,2704.5677663304737,True,60.46857690811157
r1_2_1,43,wo_GEC,1,20,4849.735771119306,True,100.99917697906494
r1_2_1,44,wo_GEC,1,20,4907.830890909544,True,111.22287225723267
r1_2_1,42,wo_GEC,1,21,4823.974721064867,True,125.08518099784851
r1_2_1,46,wo_GEC,1,20,4887.558311265643,True,97.99896001815796
rc1_2_1,42,wo_GEC,1,18,4625.649714221522,True,92.7541561126709
r1_2_1,45,wo_GEC,1,21,4861.458814546176,True,123.93944120407104
rc1_2_1,43,wo_GEC,1,19,3633.2472979078293,True,120.00752210617065
rc1_2_1,44,wo_GEC,1,18,4033.3697936498374,True,108.11274600028992
rc1_2_1,45,wo_GEC,1,19,3550.6447878168037,True,120.41400003433228
rc1_2_1,46,wo_GEC,1,19,3681.8381312155543,True,122.04645609855652
