config,instance,seed,nv,cost,feasible,time
Full,c1_2_1,45,20,2704.5677663304737,True,125.27076983451843
Full,r1_2_1,42,20,4837.914993169326,True,125.28994178771973
Full,c1_2_1,44,20,2704.567766330473,True,139.60245203971863
Full,c1_2_1,43,20,2704.5677663304737,True,139.81062126159668
Full,c1_2_1,46,20,2704.5677663304737,True,140.17576384544373
Full,c1_2_1,42,20,2704.5677663304737,True,140.79365611076355
Full,r1_2_1,43,20,4914.723920834994,True,120.37766790390015
Full,r1_2_1,44,20,5038.002788826577,True,120.2877459526062
Full,r1_2_1,45,20,4997.348981329394,True,120.09962511062622
Full,r1_2_1,46,20,4920.409029915472,True,120.14997887611389
Full,rc1_2_1,42,19,3609.719252467193,True,120.17523717880249
Full,rc1_2_1,43,19,3737.8934016257426,True,121.18775606155396
Full,rc1_2_1,44,19,3792.8181357058156,True,120.39336895942688
Full,rc1_2_1,45,19,3700.231136894794,True,120.50994801521301
Full,rc1_2_1,46,19,3670.2322765473914,True,120.50417518615723
Full_no_Macro,c1_2_1,43,20,2704.5677663304737,True,120.19383597373962
Full_no_Macro,c1_2_1,44,20,2704.567766330473,True,120.34661197662354
Full_no_Macro,c1_2_1,42,20,2704.5677663304737,True,138.06774306297302
Full_no_Macro,c1_2_1,46,20,2704.5677663304737,True,120.37384510040283
Full_no_Macro,c1_2_1,45,20,2704.5677663304737,True,121.1197030544281
Full_no_Macro,r1_2_1,42,20,4847.144861300691,True,121.98892784118652
Full_no_Macro,r1_2_1,43,20,4875.042763572192,True,122.77044606208801
Full_no_Macro,r1_2_1,44,20,5067.189925439744,True,122.24055814743042
Full_no_Macro,r1_2_1,45,20,4950.4915202901,True,133.6941602230072
Full_no_Macro,rc1_2_1,42,19,3644.3030810496057,True,127.38196587562561
Full_no_Macro,r1_2_1,46,20,4843.790014839528,True,130.40417218208313
Full_no_Macro,rc1_2_1,43,19,3624.205552938744,True,120.5413429737091
Full_no_Macro,rc1_2_1,45,19,3694.5700696262147,True,120.07075786590576
Full_no_Macro,rc1_2_1,44,19,3669.80605387004,True,121.04970073699951
Full_no_Macro,rc1_2_1,46,19,3657.61670271013,True,120.08545899391174
Full_no_Micro,c1_2_1,42,20,2704.5677663304737,True,120.38138103485107
Full_no_Micro,c1_2_1,43,20,2704.5677663304737,True,120.02089500427246
Full_no_Micro,c1_2_1,45,20,2704.5677663304737,True,118.82794189453125
Full_no_Micro,c1_2_1,44,20,2704.567766330473,True,121.43776202201843
Full_no_Micro,c1_2_1,46,20,2704.5677663304737,True,120.01098799705505
Full_no_Micro,r1_2_1,42,20,4832.968630473948,True,123.12009525299072
Full_no_Micro,r1_2_1,44,20,4891.772738558079,True,122.47930598258972
Full_no_Micro,r1_2_1,43,20,4937.661011884634,True,124.98877596855164
Full_no_Micro,r1_2_1,46,20,4902.838945220978,True,121.2559130191803
Full_no_Micro,r1_2_1,45,20,4903.277347210884,True,125.43848395347595
Full_no_Micro,rc1_2_1,42,19,3629.3426071653575,True,124.11687207221985
Full_no_Micro,rc1_2_1,43,19,3721.6013610973905,True,120.14483094215393
Full_no_LAC,c1_2_1,43,20,2704.5677663304737,True,116.50178003311157
Full_no_Micro,rc1_2_1,45,19,3701.8608329486096,True,126.20756912231445
Full_no_Micro,rc1_2_1,44,19,3695.520557321591,True,127.12482690811157
Full_no_Micro,rc1_2_1,46,19,3729.6317065912717,True,121.42880487442017
Full_no_LAC,c1_2_1,42,20,2704.5677663304737,True,120.56518507003784
Full_no_LAC,c1_2_1,44,20,2704.567766330473,True,118.68112778663635
Full_no_LAC,c1_2_1,45,20,2704.5677663304737,True,121.84748697280884
Full_no_LAC,c1_2_1,46,20,2704.5677663304737,True,121.66960287094116
Full_no_LAC,r1_2_1,42,20,4878.894752003844,True,121.62422895431519
Full_no_LAC,r1_2_1,43,20,4911.2993666424245,True,121.8463020324707
Full_no_LAC,r1_2_1,44,20,4849.78704486329,True,124.6523048877716
Full_no_LAC,r1_2_1,45,20,4885.772313506968,True,123.71144890785217
Full_no_LAC,rc1_2_1,42,19,3747.4764770625693,True,120.13774275779724
Full_no_LAC,rc1_2_1,43,19,3596.7614788137257,True,121.62871789932251
Full_no_LAC,r1_2_1,46,20,4867.772348753009,True,123.25906205177307
Full_no_LAC,rc1_2_1,44,19,3688.4424835772893,True,124.8757917881012
Full_no_LAC,rc1_2_1,45,19,3631.040519201141,True,121.94979810714722
Full_no_LAC,rc1_2_1,46,19,3670.2322765473914,True,123.96621227264404
Full_no_Pool,c1_2_1,43,20,2704.5677663304737,True,121.66406393051147
Full_no_Pool,c1_2_1,42,20,2704.5677663304737,True,125.42171788215637
Full_no_Pool,c1_2_1,44,20,2704.567766330473,True,125.17157816886902
Full_no_Pool,c1_2_1,45,20,2704.5677663304737,True,125.89977765083313
Full_no_Pool,c1_2_1,46,20,2704.5677663304737,True,125.51181721687317
Full_no_Pool,r1_2_1,42,20,4878.519156746446,True,124.88258290290833
Full_no_Pool,r1_2_1,43,20,4898.941770298777,True,126.1956889629364
Full_no_Pool,r1_2_1,44,20,4852.001792870125,True,125.64945888519287
Full_no_Pool,rc1_2_1,42,19,3644.3030810496057,True,120.4266607761383
Full_no_Pool,r1_2_1,45,20,5041.1640670061415,True,132.12175917625427
Full_no_Pool,r1_2_1,46,20,4843.790014839528,True,128.3856921195984
Full_no_Pool,rc1_2_1,43,19,3617.396913654642,True,124.77085089683533
Full_no_Pool,rc1_2_1,45,19,3647.7899770076774,True,120.07428002357483
Full_no_Pool,rc1_2_1,44,19,3730.493116818115,True,121.71116924285889
Full_no_Pool,rc1_2_1,46,19,3661.4820620060887,True,120.17149376869202
Full_no_GNN,c1_2_1,43,20,2704.5677663304737,True,122.6176929473877
Full_no_GNN,c1_2_1,42,20,2704.5677663304737,True,126.63259172439575
Full_no_GNN,c1_2_1,44,20,2704.567766330473,True,123.63305187225342
Full_no_GNN,c1_2_1,45,20,2704.5677663304737,True,116.96516108512878
Full_no_GNN,c1_2_1,46,20,2704.5677663304737,True,117.07348704338074
Full_no_GNN,r1_2_1,42,20,4806.491338873853,True,122.37779188156128
Full_no_GNN,r1_2_1,43,20,4879.519207755333,True,121.73927617073059
Full_no_GNN,r1_2_1,44,20,4902.120227302008,True,120.70143175125122
Full_no_GNN,r1_2_1,45,20,4885.977376910002,True,126.82516622543335
Full_no_GNN,rc1_2_1,42,19,3644.3030810496057,True,121.41231489181519
Full_no_GNN,r1_2_1,46,20,4843.790014839528,True,127.15272617340088
Full_no_GNN,rc1_2_1,43,19,3612.506620074403,True,120.07942485809326
Full_no_GNN,rc1_2_1,45,19,3693.7504667096523,True,120.15275597572327
Full_no_GNN,rc1_2_1,44,19,3705.5979889717705,True,124.5609200000763
Full_no_GNN,rc1_2_1,46,19,3667.6629163384728,True,123.52192091941833
Full_no_Gate,c1_2_1,42,20,2704.5677663304737,True,122.45596075057983
Full_no_Gate,c1_2_1,44,20,2704.567766330473,True,120.18041396141052
Full_no_Gate,c1_2_1,43,20,2704.5677663304737,True,121.85015892982483
Full_no_Gate,c1_2_1,46,20,2704.5677663304737,True,118.47993683815002
Full_no_Gate,c1_2_1,45,20,2704.5677663304737,True,121.90154075622559
Full_no_Gate,r1_2_1,42,20,4882.949249651419,True,123.44286608695984
Full_no_Gate,r1_2_1,43,20,4930.761204194619,True,120.25689005851746
Full_no_Gate,r1_2_1,45,20,4839.295466508577,True,120.01558113098145
Full_no_Gate,r1_2_1,44,20,4849.78704486329,True,121.90101289749146
Full_no_Gate,r1_2_1,46,20,4829.7270451539825,True,120.89406299591064
Full_no_Gate,rc1_2_1,42,19,3714.426212408717,True,120.46571707725525
Full_no_Gate,rc1_2_1,43,19,3617.396913654642,True,120.03774404525757
Full_no_Gate,rc1_2_1,44,19,3663.3137324049976,True,121.13675689697266
Full_no_Gate,rc1_2_1,45,19,3583.8845293674726,True,120.26848006248474
Full_no_Gate,rc1_2_1,46,19,3658.1983738969097,True,120.09492492675781
