config,instance,seed,time_limit_sec,wallclock_sec,returncode,timed_out,feasible,nv,td,iterations
Full,data/Solomon/rc101.txt,42,15.0,22.5143814170151,0,False,True,15,1641.2041651818656,904
Full,data/Solomon/rc101.txt,43,15.0,19.63008675002493,0,False,True,15,1729.0829380525581,604
Full,data/Solomon/rc101.txt,44,15.0,20.787369583034888,0,False,True,15,1664.673798505628,527
Full,data/Solomon/r101.txt,42,15.0,19.87348791700788,0,False,True,19,1650.7992395710683,672
Full,data/Solomon/r101.txt,43,15.0,24.35151562502142,0,False,True,19,1652.2722552387552,492
Full,data/Solomon/r101.txt,44,15.0,28.32575179100968,0,False,True,19,1652.6272289764365,400
Full,data/Solomon/c101.txt,42,15.0,22.326846915995702,0,False,True,10,828.936866942834,2357
Full,data/Solomon/c101.txt,43,15.0,19.686070375028066,0,False,True,10,828.936866942834,2383
Full,data/Solomon/c101.txt,44,15.0,19.91468754201196,0,False,True,10,828.936866942834,2484
Full_no_Macro,data/Solomon/rc101.txt,42,15.0,23.658535750000738,0,False,True,15,1642.8639687594643,1428
Full_no_Macro,data/Solomon/rc101.txt,43,15.0,35.01189258298837,,True,,,,
Full_no_Macro,data/Solomon/rc101.txt,44,15.0,23.548474332957994,0,False,True,15,1648.503702500182,1187
Full_no_Macro,data/Solomon/r101.txt,42,15.0,20.33575262501836,0,False,True,19,1650.7992395710683,1350
Full_no_Macro,data/Solomon/r101.txt,43,15.0,19.836223374994006,0,False,True,19,1650.7992395710683,2088
Full_no_Macro,data/Solomon/r101.txt,44,15.0,20.127466499980073,0,False,True,19,1650.7992395710685,1119
Full_no_Macro,data/Solomon/c101.txt,42,15.0,21.795837499957997,0,False,True,10,828.936866942834,2422
Full_no_Macro,data/Solomon/c101.txt,43,15.0,27.088628375029657,0,False,True,10,828.936866942834,1054
Full_no_Macro,data/Solomon/c101.txt,44,15.0,22.431892624998,0,False,True,10,828.936866942834,1356
Full_no_Micro,data/Solomon/rc101.txt,42,15.0,19.606186540971976,0,False,True,15,1661.40904281054,2135
Full_no_Micro,data/Solomon/rc101.txt,43,15.0,20.70742133294698,0,False,True,15,1657.371740328955,1020
Full_no_Micro,data/Solomon/rc101.txt,44,15.0,23.300000334042124,0,False,True,15,1660.8087310393357,1160
Full_no_Micro,data/Solomon/r101.txt,42,15.0,20.933427833020687,0,False,True,19,1653.7596911990136,608
Full_no_Micro,data/Solomon/r101.txt,43,15.0,20.435865917010233,0,False,True,19,1650.7992395710683,888
Full_no_Micro,data/Solomon/r101.txt,44,15.0,20.038980666955467,0,False,True,19,1651.2583271122933,944
Full_no_Micro,data/Solomon/c101.txt,42,15.0,23.92236662504729,0,False,True,10,828.9368669428343,185
Full_no_Micro,data/Solomon/c101.txt,43,15.0,23.352130791987292,0,False,True,13,1303.0941340725867,175
Full_no_Micro,data/Solomon/c101.txt,44,15.0,21.10302199999569,0,False,True,10,828.936866942834,2165
Full_no_LAC,data/Solomon/rc101.txt,42,15.0,20.465897291956935,0,False,True,15,1641.2041651818656,854
Full_no_LAC,data/Solomon/rc101.txt,43,15.0,21.361234959040303,0,False,True,15,1739.832522191293,520
Full_no_LAC,data/Solomon/rc101.txt,44,15.0,28.517027249967214,0,False,True,15,1718.8306358717577,476
Full_no_LAC,data/Solomon/r101.txt,42,15.0,22.99602204200346,0,False,True,19,1650.7992395710683,579
Full_no_LAC,data/Solomon/r101.txt,43,15.0,22.46709704201203,0,False,True,19,1651.1037853895903,516
Full_no_LAC,data/Solomon/r101.txt,44,15.0,22.80050804099301,0,False,True,19,1653.759691199014,520
Full_no_LAC,data/Solomon/c101.txt,42,15.0,20.766019292001147,0,False,True,10,828.936866942834,2398
Full_no_LAC,data/Solomon/c101.txt,43,15.0,21.487888958014082,0,False,True,10,828.936866942834,1765
Full_no_LAC,data/Solomon/c101.txt,44,15.0,23.79764216701733,0,False,True,10,828.936866942834,1638
Full_no_Pool,data/Solomon/rc101.txt,42,15.0,21.95589654200012,0,False,True,15,1641.2041651818656,600
Full_no_Pool,data/Solomon/rc101.txt,43,15.0,22.4032685830025,0,False,True,15,1735.7278003847225,472
Full_no_Pool,data/Solomon/rc101.txt,44,15.0,20.827253333991393,0,False,True,15,1661.7834046389657,739
Full_no_Pool,data/Solomon/r101.txt,42,15.0,19.43534504197305,0,False,True,19,1650.7992395710683,754
Full_no_Pool,data/Solomon/r101.txt,43,15.0,20.870837958005723,0,False,True,19,1650.7992395710683,676
Full_no_Pool,data/Solomon/r101.txt,44,15.0,19.563851166982204,0,False,True,19,1653.759691199014,520
Full_no_Pool,data/Solomon/c101.txt,42,15.0,21.372117249993607,0,False,True,10,828.936866942834,2334
Full_no_Pool,data/Solomon/c101.txt,43,15.0,27.924998125003185,0,False,True,10,828.936866942834,1516
Full_no_Pool,data/Solomon/c101.txt,44,15.0,25.78925408300711,0,False,True,10,828.936866942834,1192
Full_no_GNS,data/Solomon/rc101.txt,42,15.0,20.107947540993337,0,False,True,15,1641.2041651818656,696
Full_no_GNS,data/Solomon/rc101.txt,43,15.0,21.908442625019234,0,False,True,15,1735.7278003847225,472
Full_no_GNS,data/Solomon/rc101.txt,44,15.0,24.913162250013556,0,False,True,15,1711.2440320566225,563
Full_no_GNS,data/Solomon/r101.txt,42,15.0,21.838176957971882,0,False,True,19,1650.7992395710683,548
Full_no_GNS,data/Solomon/r101.txt,43,15.0,22.96196574997157,0,False,True,19,1651.258327112293,555
Full_no_GNS,data/Solomon/r101.txt,44,15.0,22.48359795799479,0,False,True,19,1653.5332279373108,448
Full_no_GNS,data/Solomon/c101.txt,42,15.0,25.490567833010573,0,False,True,10,828.936866942834,1332
Full_no_GNS,data/Solomon/c101.txt,43,15.0,26.524323124962393,0,False,True,10,828.936866942834,1139
Full_no_GNS,data/Solomon/c101.txt,44,15.0,26.120213499991223,0,False,True,10,828.936866942834,1586
Full_no_Gate,data/Solomon/rc101.txt,42,15.0,25.32703537499765,0,False,True,15,1641.2041651818656,537
Full_no_Gate,data/Solomon/rc101.txt,43,15.0,28.551563749962952,0,False,True,15,1739.832522191293,389
Full_no_Gate,data/Solomon/rc101.txt,44,15.0,27.1595465830178,0,False,True,16,1670.6773054137948,324
Full_no_Gate,data/Solomon/r101.txt,42,15.0,23.061243709002156,0,False,True,19,1650.7992395710683,596
Full_no_Gate,data/Solomon/r101.txt,43,15.0,21.889416208025068,0,False,True,19,1651.9677094202334,565
Full_no_Gate,data/Solomon/r101.txt,44,15.0,21.85177762497915,0,False,True,19,1653.759691199014,424
Full_no_Gate,data/Solomon/c101.txt,42,15.0,28.682480000017677,0,False,True,10,828.936866942834,981
Full_no_Gate,data/Solomon/c101.txt,43,15.0,25.03628891700646,0,False,True,10,828.936866942834,1402
Full_no_Gate,data/Solomon/c101.txt,44,15.0,26.24921529198764,0,False,True,10,828.936866942834,1352
