instance,solver,seed,cutoff_sec,nv,td
C101,ALNS-Base,42,1.0,10,828.937
C101,ALNS-Base,42,10.0,10,828.937
C101,ALNS-Base,42,60.0,10,828.937
C101,ALNS-Base,42,300.0,10,828.937
C101,ALNS-Base,46,1.0,11,957.934
C101,ALNS-Base,46,10.0,10,828.937
C101,ALNS-Base,46,60.0,10,828.937
C101,ALNS-Base,46,300.0,10,828.937
C101,ALNS-Base,43,1.0,11,914.93
C101,ALNS-Base,43,10.0,10,828.937
C101,ALNS-Base,43,60.0,10,828.937
C101,ALNS-Base,43,300.0,10,828.937
C101,ALNS-Base,45,1.0,11,957.788
C101,ALNS-Base,45,10.0,10,828.937
C101,ALNS-Base,45,60.0,10,828.937
C101,ALNS-Base,45,300.0,10,828.937
C101,ALNS-Base,44,1.0,10,828.937
C101,ALNS-Base,44,10.0,10,828.937
C101,ALNS-Base,44,60.0,10,828.937
C101,ALNS-Base,44,300.0,10,828.937
C101,Hybrid-DDQN,43,1.0,10,828.937
C101,Hybrid-DDQN,43,10.0,10,828.937
C101,Hybrid-DDQN,43,60.0,10,828.937
C101,Hybrid-DDQN,43,300.0,10,828.937
C101,Hybrid-DDQN,46,1.0,10,866.263
C101,Hybrid-DDQN,46,10.0,10,866.263
C101,Hybrid-DDQN,46,60.0,10,828.937
C101,Hybrid-DDQN,46,300.0,10,828.937
C101,Hybrid-DDQN,44,1.0,10,828.937
C101,Hybrid-DDQN,44,10.0,10,828.937
C101,Hybrid-DDQN,44,60.0,10,828.937
C101,Hybrid-DDQN,44,300.0,10,828.937
C101,Hybrid-DDQN,45,1.0,10,828.937
C101,Hybrid-DDQN,45,10.0,10,828.937
C101,Hybrid-DDQN,45,60.0,10,828.937
C101,Hybrid-DDQN,45,300.0,10,828.937
C101,Hybrid-DDQN,42,1.0,10,828.937
C101,Hybrid-DDQN,42,10.0,10,828.937
C101,Hybrid-DDQN,42,60.0,10,828.937
C101,Hybrid-DDQN,42,300.0,10,828.937
C102,ALNS-Base,42,1.0,10,828.937
C102,ALNS-Base,42,10.0,10,828.937
C102,ALNS-Base,42,60.0,10,828.937
C102,ALNS-Base,42,300.0,10,828.937
C102,ALNS-Base,43,1.0,10,831.049
C102,ALNS-Base,43,10.0,10,828.937
C102,ALNS-Base,43,60.0,10,828.937
C102,ALNS-Base,43,300.0,10,828.937
C102,ALNS-Base,45,1.0,10,836.751
C102,ALNS-Base,45,10.0,10,828.937
C102,ALNS-Base,45,60.0,10,828.937
C102,ALNS-Base,45,300.0,10,828.937
C102,Hybrid-DDQN,42,1.0,10,871.697
C102,Hybrid-DDQN,42,10.0,10,871.697
C102,Hybrid-DDQN,42,60.0,10,871.697
C102,Hybrid-DDQN,42,300.0,10,828.937
C102,ALNS-Base,46,1.0,10,828.937
C102,ALNS-Base,46,10.0,10,828.937
C102,ALNS-Base,46,60.0,10,828.937
C102,ALNS-Base,46,300.0,10,828.937
C102,ALNS-Base,44,1.0,10,828.937
C102,ALNS-Base,44,10.0,10,828.937
C102,ALNS-Base,44,60.0,10,828.937
C102,ALNS-Base,44,300.0,10,828.937
C102,Hybrid-DDQN,43,1.0,10,870.203
C102,Hybrid-DDQN,43,10.0,10,870.203
C102,Hybrid-DDQN,43,60.0,10,870.203
C102,Hybrid-DDQN,43,300.0,10,828.937
C102,Hybrid-DDQN,44,1.0,10,831.049
C102,Hybrid-DDQN,44,10.0,10,831.049
C102,Hybrid-DDQN,44,60.0,10,831.049
C102,Hybrid-DDQN,44,300.0,10,828.937
C201,ALNS-Base,43,1.0,3,591.557
C201,ALNS-Base,43,10.0,3,591.557
C201,ALNS-Base,43,60.0,3,591.557
C201,ALNS-Base,43,300.0,3,591.557
C102,Hybrid-DDQN,46,1.0,10,828.937
C102,Hybrid-DDQN,46,10.0,10,828.937
C102,Hybrid-DDQN,46,60.0,10,828.937
C102,Hybrid-DDQN,46,300.0,10,828.937
C102,Hybrid-DDQN,45,1.0,10,829.861
C102,Hybrid-DDQN,45,10.0,10,828.937
C102,Hybrid-DDQN,45,60.0,10,828.937
C102,Hybrid-DDQN,45,300.0,10,828.937
C201,ALNS-Base,42,1.0,3,591.557
C201,ALNS-Base,42,10.0,3,591.557
C201,ALNS-Base,42,60.0,3,591.557
C201,ALNS-Base,42,300.0,3,591.557
C201,ALNS-Base,44,1.0,3,591.557
C201,ALNS-Base,44,10.0,3,591.557
C201,ALNS-Base,44,60.0,3,591.557
C201,ALNS-Base,44,300.0,3,591.557
C201,ALNS-Base,46,1.0,3,591.557
C201,ALNS-Base,46,10.0,3,591.557
C201,ALNS-Base,46,60.0,3,591.557
C201,ALNS-Base,46,300.0,3,591.557
C201,ALNS-Base,45,1.0,3,591.557
C201,ALNS-Base,45,10.0,3,591.557
C201,ALNS-Base,45,60.0,3,591.557
C201,ALNS-Base,45,300.0,3,591.557
C201,Hybrid-DDQN,44,1.0,3,591.557
C201,Hybrid-DDQN,44,10.0,3,591.557
C201,Hybrid-DDQN,44,60.0,3,591.557
C201,Hybrid-DDQN,44,300.0,3,591.557
C201,Hybrid-DDQN,43,1.0,3,591.557
C201,Hybrid-DDQN,43,10.0,3,591.557
C201,Hybrid-DDQN,43,60.0,3,591.557
C201,Hybrid-DDQN,43,300.0,3,591.557
C201,Hybrid-DDQN,45,1.0,3,591.557
C201,Hybrid-DDQN,45,10.0,3,591.557
C201,Hybrid-DDQN,45,60.0,3,591.557
C201,Hybrid-DDQN,45,300.0,3,591.557
C201,Hybrid-DDQN,42,1.0,3,591.557
C201,Hybrid-DDQN,42,10.0,3,591.557
C201,Hybrid-DDQN,42,60.0,3,591.557
C201,Hybrid-DDQN,42,300.0,3,591.557
C201,Hybrid-DDQN,46,1.0,3,591.557
C201,Hybrid-DDQN,46,10.0,3,591.557
C201,Hybrid-DDQN,46,60.0,3,591.557
C201,Hybrid-DDQN,46,300.0,3,591.557
C202,ALNS-Base,42,1.0,3,591.557
C202,ALNS-Base,42,10.0,3,591.557
C202,ALNS-Base,42,60.0,3,591.557
C202,ALNS-Base,42,300.0,3,591.557
C202,ALNS-Base,44,1.0,3,591.557
C202,ALNS-Base,44,10.0,3,591.557
C202,ALNS-Base,44,60.0,3,591.557
C202,ALNS-Base,44,300.0,3,591.557
C202,ALNS-Base,43,1.0,3,685.289
C202,ALNS-Base,43,10.0,3,591.557
C202,ALNS-Base,43,60.0,3,591.557
C202,ALNS-Base,43,300.0,3,591.557
C202,ALNS-Base,46,1.0,3,591.557
C202,ALNS-Base,46,10.0,3,591.557
C202,ALNS-Base,46,60.0,3,591.557
C202,ALNS-Base,46,300.0,3,591.557
C202,ALNS-Base,45,1.0,3,688.096
C202,ALNS-Base,45,10.0,3,591.557
C202,ALNS-Base,45,60.0,3,591.557
C202,ALNS-Base,45,300.0,3,591.557
C202,Hybrid-DDQN,44,1.0,3,591.557
C202,Hybrid-DDQN,44,10.0,3,591.557
C202,Hybrid-DDQN,44,60.0,3,591.557
C202,Hybrid-DDQN,44,300.0,3,591.557
C202,Hybrid-DDQN,42,1.0,3,591.557
C202,Hybrid-DDQN,42,10.0,3,591.557
C202,Hybrid-DDQN,42,60.0,3,591.557
C202,Hybrid-DDQN,42,300.0,3,591.557
C202,Hybrid-DDQN,43,1.0,3,591.557
C202,Hybrid-DDQN,43,10.0,3,591.557
C202,Hybrid-DDQN,43,60.0,3,591.557
C202,Hybrid-DDQN,43,300.0,3,591.557
C202,Hybrid-DDQN,45,1.0,3,591.557
C202,Hybrid-DDQN,45,10.0,3,591.557
C202,Hybrid-DDQN,45,60.0,3,591.557
C202,Hybrid-DDQN,45,300.0,3,591.557
R101,ALNS-Base,42,1.0,23,1869.134
R101,ALNS-Base,42,10.0,19,1669.05
R101,ALNS-Base,42,60.0,19,1656.66
R101,ALNS-Base,42,300.0,19,1656.66
R101,ALNS-Base,43,1.0,20,1722.057
R101,ALNS-Base,43,10.0,19,1679.818
R101,ALNS-Base,43,60.0,19,1656.981
R101,ALNS-Base,43,300.0,19,1656.981
C202,Hybrid-DDQN,46,1.0,3,591.557
C202,Hybrid-DDQN,46,10.0,3,591.557
C202,Hybrid-DDQN,46,60.0,3,591.557
C202,Hybrid-DDQN,46,300.0,3,591.557
R101,ALNS-Base,44,1.0,20,1729.224
R101,ALNS-Base,44,10.0,19,1676.702
R101,ALNS-Base,44,60.0,19,1657.281
R101,ALNS-Base,44,300.0,19,1657.281
R101,Hybrid-DDQN,42,1.0,20,1711.197
R101,Hybrid-DDQN,42,10.0,19,1705.975
R101,Hybrid-DDQN,42,60.0,19,1705.975
R101,Hybrid-DDQN,42,300.0,19,1650.799
R101,ALNS-Base,45,1.0,20,1732.748
R101,ALNS-Base,45,10.0,19,1687.166
R101,ALNS-Base,45,60.0,19,1662.858
R101,ALNS-Base,45,300.0,19,1662.858
R101,ALNS-Base,46,1.0,21,1796.137
R101,ALNS-Base,46,10.0,19,1659.905
R101,ALNS-Base,46,60.0,19,1659.905
R101,ALNS-Base,46,300.0,19,1659.905
R101,Hybrid-DDQN,43,1.0,21,1795.157
R101,Hybrid-DDQN,43,10.0,19,1724.672
R101,Hybrid-DDQN,43,60.0,19,1724.672
R101,Hybrid-DDQN,43,300.0,19,1650.799
R101,Hybrid-DDQN,45,1.0,20,1767.999
R101,Hybrid-DDQN,45,10.0,20,1688.424
R101,Hybrid-DDQN,45,60.0,20,1688.424
R101,Hybrid-DDQN,45,300.0,19,1650.799
R101,Hybrid-DDQN,46,1.0,20,1712.909
R101,Hybrid-DDQN,46,10.0,20,1712.909
R101,Hybrid-DDQN,46,60.0,20,1712.909
R101,Hybrid-DDQN,46,300.0,19,1650.799
R101,Hybrid-DDQN,44,1.0,21,1868.177
R101,Hybrid-DDQN,44,10.0,20,1658.96
R101,Hybrid-DDQN,44,60.0,20,1658.96
R101,Hybrid-DDQN,44,300.0,19,1650.799
R102,ALNS-Base,42,1.0,18,1534.342
R102,ALNS-Base,42,10.0,17,1504.743
R102,ALNS-Base,42,60.0,17,1494.381
R102,ALNS-Base,42,300.0,17,1494.381
R102,ALNS-Base,46,1.0,17,1528.639
R102,ALNS-Base,46,10.0,17,1490.084
R102,ALNS-Base,46,60.0,17,1490.084
R102,ALNS-Base,46,300.0,17,1490.084
R102,ALNS-Base,44,1.0,18,1513.151
R102,ALNS-Base,44,10.0,17,1500.098
R102,ALNS-Base,44,60.0,17,1487.886
R102,ALNS-Base,44,300.0,17,1487.886
R102,ALNS-Base,45,1.0,17,1507.086
R102,ALNS-Base,45,10.0,17,1497.178
R102,ALNS-Base,45,60.0,17,1495.667
R102,ALNS-Base,45,300.0,17,1495.667
R102,ALNS-Base,43,1.0,18,1516.374
R102,ALNS-Base,43,10.0,17,1486.408
R102,ALNS-Base,43,60.0,17,1486.408
R102,ALNS-Base,43,300.0,17,1486.408
R102,Hybrid-DDQN,42,1.0,18,1554.059
R102,Hybrid-DDQN,42,10.0,17,1494.526
R102,Hybrid-DDQN,42,60.0,17,1494.526
R102,Hybrid-DDQN,42,300.0,17,1486.119
R102,Hybrid-DDQN,43,1.0,18,1482.941
R102,Hybrid-DDQN,43,10.0,18,1482.941
R102,Hybrid-DDQN,43,60.0,18,1482.941
R102,Hybrid-DDQN,43,300.0,17,1486.119
R102,Hybrid-DDQN,46,1.0,17,1568.46
R102,Hybrid-DDQN,46,10.0,17,1486.963
R102,Hybrid-DDQN,46,60.0,17,1486.963
R102,Hybrid-DDQN,46,300.0,17,1486.119
R102,Hybrid-DDQN,44,1.0,17,1558.536
R102,Hybrid-DDQN,44,10.0,17,1493.984
R102,Hybrid-DDQN,44,60.0,17,1493.984
R102,Hybrid-DDQN,44,300.0,17,1486.119
R102,Hybrid-DDQN,45,1.0,17,1786.519
R102,Hybrid-DDQN,45,10.0,17,1528.958
R102,Hybrid-DDQN,45,60.0,17,1528.958
R102,Hybrid-DDQN,45,300.0,17,1486.119
R201,ALNS-Base,43,1.0,4,1305.377
R201,ALNS-Base,43,10.0,4,1263.391
R201,ALNS-Base,43,60.0,4,1256.06
R201,ALNS-Base,43,300.0,4,1256.06
R201,ALNS-Base,42,1.0,4,1316.284
R201,ALNS-Base,42,10.0,4,1259.805
R201,ALNS-Base,42,60.0,4,1259.805
R201,ALNS-Base,42,300.0,4,1259.805
R201,ALNS-Base,45,1.0,4,1317.222
R201,ALNS-Base,45,10.0,4,1274.641
R201,ALNS-Base,45,60.0,4,1274.641
R201,ALNS-Base,45,300.0,4,1274.641
R201,ALNS-Base,44,1.0,4,1346.218
R201,ALNS-Base,44,10.0,4,1261.872
R201,ALNS-Base,44,60.0,4,1261.872
R201,ALNS-Base,44,300.0,4,1261.872
R201,Hybrid-DDQN,42,1.0,4,1375.659
R201,Hybrid-DDQN,42,10.0,4,1375.659
R201,Hybrid-DDQN,42,60.0,4,1300.364
R201,Hybrid-DDQN,42,300.0,4,1252.371
R201,ALNS-Base,46,1.0,4,1332.965
R201,ALNS-Base,46,10.0,4,1264.713
R201,ALNS-Base,46,60.0,4,1264.713
R201,ALNS-Base,46,300.0,4,1264.713
R201,Hybrid-DDQN,46,1.0,4,1337.677
R201,Hybrid-DDQN,46,10.0,4,1337.677
R201,Hybrid-DDQN,46,60.0,4,1337.677
R201,Hybrid-DDQN,46,300.0,4,1253.21
R201,Hybrid-DDQN,43,1.0,4,1396.79
R201,Hybrid-DDQN,43,10.0,4,1396.79
R201,Hybrid-DDQN,43,60.0,4,1255.303
R201,Hybrid-DDQN,43,300.0,4,1253.234
R201,Hybrid-DDQN,44,1.0,4,1334.93
R201,Hybrid-DDQN,44,10.0,4,1334.93
R201,Hybrid-DDQN,44,60.0,4,1291.329
R201,Hybrid-DDQN,44,300.0,4,1257.824
R201,Hybrid-DDQN,45,1.0,4,1382.565
R201,Hybrid-DDQN,45,10.0,4,1354.12
R201,Hybrid-DDQN,45,60.0,4,1354.12
R201,Hybrid-DDQN,45,300.0,4,1252.371
R202,ALNS-Base,42,1.0,4,1176.739
R202,ALNS-Base,42,10.0,4,1089.716
R202,ALNS-Base,42,60.0,4,1089.716
R202,ALNS-Base,42,300.0,4,1089.716
R202,ALNS-Base,44,1.0,4,1192.363
R202,ALNS-Base,44,10.0,4,1086.26
R202,ALNS-Base,44,60.0,4,1086.26
R202,ALNS-Base,44,300.0,4,1086.26
R202,ALNS-Base,43,1.0,4,1141.735
R202,ALNS-Base,43,10.0,4,1108.415
R202,ALNS-Base,43,60.0,4,1108.415
R202,ALNS-Base,43,300.0,4,1108.415
R202,Hybrid-DDQN,42,1.0,4,1188.747
R202,Hybrid-DDQN,42,10.0,4,1188.747
R202,Hybrid-DDQN,42,60.0,4,1112.869
R202,Hybrid-DDQN,42,300.0,4,1095.646
R202,ALNS-Base,45,1.0,4,1138.278
R202,ALNS-Base,45,10.0,4,1105.028
R202,ALNS-Base,45,60.0,4,1105.028
R202,ALNS-Base,45,300.0,4,1105.028
R202,Hybrid-DDQN,44,1.0,4,1155.198
R202,Hybrid-DDQN,44,10.0,4,1155.198
R202,Hybrid-DDQN,44,60.0,4,1155.198
R202,Hybrid-DDQN,44,300.0,4,1102.793
R202,ALNS-Base,46,1.0,4,1146.93
R202,ALNS-Base,46,10.0,4,1105.354
R202,ALNS-Base,46,60.0,4,1105.354
R202,ALNS-Base,46,300.0,4,1105.354
RC101,ALNS-Base,42,1.0,19,1950.192
RC101,ALNS-Base,42,10.0,15,1698.863
RC101,ALNS-Base,42,60.0,15,1671.182
RC101,ALNS-Base,42,300.0,15,1642.864
R202,Hybrid-DDQN,46,1.0,4,1160.847
R202,Hybrid-DDQN,46,10.0,4,1142.206
R202,Hybrid-DDQN,46,60.0,4,1126.166
R202,Hybrid-DDQN,46,300.0,4,1105.977
R202,Hybrid-DDQN,43,1.0,4,1178.457
R202,Hybrid-DDQN,43,10.0,4,1118.287
R202,Hybrid-DDQN,43,60.0,4,1118.287
R202,Hybrid-DDQN,43,300.0,4,1102.665
R202,Hybrid-DDQN,45,1.0,4,1226.455
R202,Hybrid-DDQN,45,10.0,4,1112.015
R202,Hybrid-DDQN,45,60.0,4,1112.015
R202,Hybrid-DDQN,45,300.0,4,1092.34
RC101,ALNS-Base,46,1.0,18,2111.174
RC101,ALNS-Base,46,10.0,16,1708.625
RC101,ALNS-Base,46,60.0,15,1665.302
RC101,ALNS-Base,46,300.0,15,1642.834
RC101,ALNS-Base,45,1.0,20,2046.691
RC101,ALNS-Base,45,10.0,15,1699.418
RC101,ALNS-Base,45,60.0,15,1665.122
RC101,ALNS-Base,45,300.0,15,1665.122
RC101,ALNS-Base,44,1.0,20,2517.084
RC101,ALNS-Base,44,10.0,15,1714.964
RC101,ALNS-Base,44,60.0,15,1657.326
RC101,ALNS-Base,44,300.0,15,1649.954
RC101,ALNS-Base,43,1.0,18,1918.791
RC101,ALNS-Base,43,10.0,16,1734.839
RC101,ALNS-Base,43,60.0,15,1658.279
RC101,ALNS-Base,43,300.0,15,1655.9
RC101,Hybrid-DDQN,43,1.0,16,1885.311
RC101,Hybrid-DDQN,43,10.0,16,1885.311
RC101,Hybrid-DDQN,43,60.0,16,1885.311
RC101,Hybrid-DDQN,43,300.0,15,1650.029
RC101,Hybrid-DDQN,42,1.0,20,2223.569
RC101,Hybrid-DDQN,42,10.0,15,1732.641
RC101,Hybrid-DDQN,42,60.0,15,1732.641
RC101,Hybrid-DDQN,42,300.0,15,1636.496
RC101,Hybrid-DDQN,44,1.0,16,1842.817
RC101,Hybrid-DDQN,44,10.0,16,1690.577
RC101,Hybrid-DDQN,44,60.0,15,1670.937
RC101,Hybrid-DDQN,44,300.0,15,1623.585
RC101,Hybrid-DDQN,45,1.0,17,1784.807
RC101,Hybrid-DDQN,45,10.0,16,1761.214
RC101,Hybrid-DDQN,45,60.0,15,1682.256
RC101,Hybrid-DDQN,45,300.0,15,1624.975
RC101,Hybrid-DDQN,46,1.0,17,1923.721
RC101,Hybrid-DDQN,46,10.0,17,1764.899
RC101,Hybrid-DDQN,46,60.0,15,1648.504
RC101,Hybrid-DDQN,46,300.0,15,1624.975
RC102,ALNS-Base,42,1.0,14,1563.331
RC102,ALNS-Base,42,10.0,13,1533.234
RC102,ALNS-Base,42,60.0,13,1487.629
RC102,ALNS-Base,42,300.0,13,1487.629
RC102,ALNS-Base,44,1.0,14,1578.972
RC102,ALNS-Base,44,10.0,14,1510.806
RC102,ALNS-Base,44,60.0,14,1508.407
RC102,ALNS-Base,44,300.0,14,1508.407
RC102,ALNS-Base,45,1.0,14,1579.724
RC102,ALNS-Base,45,10.0,13,1520.854
RC102,ALNS-Base,45,60.0,13,1507.426
RC102,ALNS-Base,45,300.0,13,1507.426
RC102,ALNS-Base,43,1.0,14,1547.136
RC102,ALNS-Base,43,10.0,13,1519.555
RC102,ALNS-Base,43,60.0,13,1493.453
RC102,ALNS-Base,43,300.0,13,1493.453
RC102,ALNS-Base,46,1.0,14,1573.752
RC102,ALNS-Base,46,10.0,13,1510.142
RC102,ALNS-Base,46,60.0,13,1493.853
RC102,ALNS-Base,46,300.0,13,1493.853
RC102,Hybrid-DDQN,43,1.0,14,1654.747
RC102,Hybrid-DDQN,43,10.0,14,1654.747
RC102,Hybrid-DDQN,43,60.0,13,1604.794
RC102,Hybrid-DDQN,43,300.0,13,1484.975
RC102,Hybrid-DDQN,42,1.0,13,1613.612
RC102,Hybrid-DDQN,42,10.0,13,1486.972
RC102,Hybrid-DDQN,42,60.0,13,1486.972
RC102,Hybrid-DDQN,42,300.0,12,1554.747
RC102,Hybrid-DDQN,46,1.0,14,1707.823
RC102,Hybrid-DDQN,46,10.0,13,1525.705
RC102,Hybrid-DDQN,46,60.0,12,1554.837
RC102,Hybrid-DDQN,46,300.0,12,1554.747
RC102,Hybrid-DDQN,44,1.0,14,1874.026
RC102,Hybrid-DDQN,44,10.0,13,1536.102
RC102,Hybrid-DDQN,44,60.0,13,1517.634
RC102,Hybrid-DDQN,44,300.0,12,1554.747
RC201,ALNS-Base,42,1.0,4,1542.424
RC201,ALNS-Base,42,10.0,4,1453.682
RC201,ALNS-Base,42,60.0,4,1453.682
RC201,ALNS-Base,42,300.0,4,1453.682
RC201,ALNS-Base,43,1.0,4,1509.101
RC201,ALNS-Base,43,10.0,4,1450.703
RC201,ALNS-Base,43,60.0,4,1450.703
RC201,ALNS-Base,43,300.0,4,1450.703
RC102,Hybrid-DDQN,45,1.0,15,1725.233
RC102,Hybrid-DDQN,45,10.0,14,1494.159
RC102,Hybrid-DDQN,45,60.0,14,1494.159
RC102,Hybrid-DDQN,45,300.0,13,1477.542
RC201,ALNS-Base,45,1.0,4,1509.279
RC201,ALNS-Base,45,10.0,4,1495.502
RC201,ALNS-Base,45,60.0,4,1495.502
RC201,ALNS-Base,45,300.0,4,1495.502
RC201,ALNS-Base,44,1.0,4,1481.002
RC201,ALNS-Base,44,10.0,4,1414.999
RC201,ALNS-Base,44,60.0,4,1414.999
RC201,ALNS-Base,44,300.0,4,1414.999
RC201,ALNS-Base,46,1.0,4,1478.22
RC201,ALNS-Base,46,10.0,4,1439.245
RC201,ALNS-Base,46,60.0,4,1439.245
RC201,ALNS-Base,46,300.0,4,1439.245
RC201,Hybrid-DDQN,42,1.0,4,1502.437
RC201,Hybrid-DDQN,42,10.0,4,1474.153
RC201,Hybrid-DDQN,42,60.0,4,1474.153
RC201,Hybrid-DDQN,42,300.0,4,1414.999
RC201,Hybrid-DDQN,44,1.0,4,1536.38
RC201,Hybrid-DDQN,44,10.0,4,1495.72
RC201,Hybrid-DDQN,44,60.0,4,1462.115
RC201,Hybrid-DDQN,44,300.0,4,1446.449
RC201,Hybrid-DDQN,43,1.0,5,1463.493
RC201,Hybrid-DDQN,43,10.0,4,1449.643
RC201,Hybrid-DDQN,43,60.0,4,1449.643
RC201,Hybrid-DDQN,43,300.0,4,1442.372
RC201,Hybrid-DDQN,45,1.0,5,1534.441
RC201,Hybrid-DDQN,45,10.0,4,1491.667
RC201,Hybrid-DDQN,45,60.0,4,1491.667
RC201,Hybrid-DDQN,45,300.0,4,1414.999
RC202,ALNS-Base,43,1.0,4,1271.884
RC202,ALNS-Base,43,10.0,4,1249.131
RC202,ALNS-Base,43,60.0,4,1249.131
RC202,ALNS-Base,43,300.0,4,1249.131
RC201,Hybrid-DDQN,46,1.0,4,1616.358
RC201,Hybrid-DDQN,46,10.0,4,1495.678
RC201,Hybrid-DDQN,46,60.0,4,1495.678
RC201,Hybrid-DDQN,46,300.0,4,1413.518
RC202,ALNS-Base,42,1.0,4,1233.425
RC202,ALNS-Base,42,10.0,4,1222.418
RC202,ALNS-Base,42,60.0,4,1222.418
RC202,ALNS-Base,42,300.0,4,1222.418
RC202,ALNS-Base,45,1.0,4,1315.58
RC202,ALNS-Base,45,10.0,4,1194.317
RC202,ALNS-Base,45,60.0,4,1194.317
RC202,ALNS-Base,45,300.0,4,1194.317
RC202,ALNS-Base,46,1.0,4,1296.879
RC202,ALNS-Base,46,10.0,4,1182.836
RC202,ALNS-Base,46,60.0,4,1182.836
RC202,ALNS-Base,46,300.0,4,1182.836
RC202,ALNS-Base,44,1.0,4,1234.269
RC202,ALNS-Base,44,10.0,4,1197.309
RC202,ALNS-Base,44,60.0,4,1190.143
RC202,ALNS-Base,44,300.0,4,1190.143
RC202,Hybrid-DDQN,44,1.0,4,1322.331
RC202,Hybrid-DDQN,44,10.0,4,1244.087
RC202,Hybrid-DDQN,44,60.0,4,1244.087
RC202,Hybrid-DDQN,44,300.0,4,1161.288
RC202,Hybrid-DDQN,43,1.0,4,1357.212
RC202,Hybrid-DDQN,43,10.0,4,1315.896
RC202,Hybrid-DDQN,43,60.0,4,1259.043
RC202,Hybrid-DDQN,43,300.0,4,1161.288
RC202,Hybrid-DDQN,42,1.0,4,1381.107
RC202,Hybrid-DDQN,42,10.0,4,1263.804
RC202,Hybrid-DDQN,42,60.0,4,1263.804
RC202,Hybrid-DDQN,42,300.0,4,1161.288
RC202,Hybrid-DDQN,45,1.0,4,1454.591
RC202,Hybrid-DDQN,45,10.0,4,1263.525
RC202,Hybrid-DDQN,45,60.0,4,1198.666
RC202,Hybrid-DDQN,45,300.0,4,1161.288
RC202,Hybrid-DDQN,46,1.0,4,1269.039
RC202,Hybrid-DDQN,46,10.0,4,1269.039
RC202,Hybrid-DDQN,46,60.0,4,1269.039
RC202,Hybrid-DDQN,46,300.0,4,1164.57
c1_2_1,ALNS-Base,42,1.0,22,3227.556
c1_2_1,ALNS-Base,42,10.0,20,2716.458
c1_2_1,ALNS-Base,42,60.0,20,2704.568
c1_2_1,ALNS-Base,42,300.0,20,2704.568
c1_2_1,ALNS-Base,43,1.0,22,3060.035
c1_2_1,ALNS-Base,43,10.0,20,2740.959
c1_2_1,ALNS-Base,43,60.0,20,2704.568
c1_2_1,ALNS-Base,43,300.0,20,2704.568
c1_2_1,ALNS-Base,45,1.0,22,3111.619
c1_2_1,ALNS-Base,45,10.0,20,2714.163
c1_2_1,ALNS-Base,45,60.0,20,2704.568
c1_2_1,ALNS-Base,45,300.0,20,2704.568
c1_2_1,ALNS-Base,46,1.0,21,3265.466
c1_2_1,ALNS-Base,46,10.0,20,2704.568
c1_2_1,ALNS-Base,46,60.0,20,2704.568
c1_2_1,ALNS-Base,46,300.0,20,2704.568
c1_2_1,Hybrid-DDQN,42,1.0,22,3456.744
c1_2_1,Hybrid-DDQN,42,10.0,21,2829.402
c1_2_1,Hybrid-DDQN,42,60.0,21,2829.402
c1_2_1,Hybrid-DDQN,42,300.0,20,2704.568
c1_2_1,ALNS-Base,44,1.0,22,3123.59
c1_2_1,ALNS-Base,44,10.0,20,2732.768
c1_2_1,ALNS-Base,44,60.0,20,2704.568
c1_2_1,ALNS-Base,44,300.0,20,2704.568
c1_2_1,Hybrid-DDQN,43,1.0,21,2857.87
c1_2_1,Hybrid-DDQN,43,10.0,20,2704.568
c1_2_1,Hybrid-DDQN,43,60.0,20,2704.568
c1_2_1,Hybrid-DDQN,43,300.0,20,2704.568
c1_2_1,Hybrid-DDQN,46,1.0,22,3557.164
c1_2_1,Hybrid-DDQN,46,10.0,20,2704.568
c1_2_1,Hybrid-DDQN,46,60.0,20,2704.568
c1_2_1,Hybrid-DDQN,46,300.0,20,2704.568
c1_2_2,ALNS-Base,43,1.0,22,4913.324
c1_2_2,ALNS-Base,43,10.0,19,2912.399
c1_2_2,ALNS-Base,43,60.0,18,3114.023
c1_2_2,ALNS-Base,43,300.0,18,3068.977
c1_2_2,ALNS-Base,42,1.0,21,3219.267
c1_2_2,ALNS-Base,42,10.0,19,2999.218
c1_2_2,ALNS-Base,42,60.0,18,3246.633
c1_2_2,ALNS-Base,42,300.0,18,3035.281
c1_2_1,Hybrid-DDQN,44,1.0,21,3118.85
c1_2_1,Hybrid-DDQN,44,10.0,20,2705.004
c1_2_1,Hybrid-DDQN,44,60.0,20,2705.004
c1_2_1,Hybrid-DDQN,44,300.0,20,2704.568
c1_2_1,Hybrid-DDQN,45,1.0,22,3283.437
c1_2_1,Hybrid-DDQN,45,10.0,20,2758.437
c1_2_1,Hybrid-DDQN,45,60.0,20,2758.437
c1_2_1,Hybrid-DDQN,45,300.0,20,2704.568
c1_2_2,ALNS-Base,46,1.0,20,3950.819
c1_2_2,ALNS-Base,46,10.0,19,2939.12
c1_2_2,ALNS-Base,46,60.0,18,3148.67
c1_2_2,ALNS-Base,46,300.0,18,3037.669
c1_2_2,Hybrid-DDQN,42,1.0,22,3886.706
c1_2_2,Hybrid-DDQN,42,10.0,19,2926.619
c1_2_2,Hybrid-DDQN,42,60.0,19,2926.619
c1_2_2,Hybrid-DDQN,42,300.0,19,2767.461
c1_2_2,ALNS-Base,44,1.0,23,6163.984
c1_2_2,ALNS-Base,44,10.0,19,2894.212
c1_2_2,ALNS-Base,44,60.0,19,2796.034
c1_2_2,ALNS-Base,44,300.0,19,2796.034
c1_2_2,Hybrid-DDQN,44,1.0,22,5610.627
c1_2_2,Hybrid-DDQN,44,10.0,19,3140.864
c1_2_2,Hybrid-DDQN,44,60.0,19,2818.322
c1_2_2,Hybrid-DDQN,44,300.0,19,2818.322
c1_2_2,ALNS-Base,45,1.0,21,3440.518
c1_2_2,ALNS-Base,45,10.0,18,3524.562
c1_2_2,ALNS-Base,45,60.0,18,3200.645
c1_2_2,ALNS-Base,45,300.0,18,3028.447
c1_2_2,Hybrid-DDQN,43,1.0,21,3036.642
c1_2_2,Hybrid-DDQN,43,10.0,19,2875.618
c1_2_2,Hybrid-DDQN,43,60.0,19,2816.874
c1_2_2,Hybrid-DDQN,43,300.0,19,2767.461
c1_2_2,Hybrid-DDQN,45,1.0,20,4335.153
c1_2_2,Hybrid-DDQN,45,10.0,19,3673.713
c1_2_2,Hybrid-DDQN,45,60.0,19,2840.258
c1_2_2,Hybrid-DDQN,45,300.0,19,2840.258
c1_2_2,Hybrid-DDQN,46,1.0,22,3932.188
c1_2_2,Hybrid-DDQN,46,10.0,19,3118.827
c1_2_2,Hybrid-DDQN,46,60.0,19,2767.461
c1_2_2,Hybrid-DDQN,46,300.0,19,2767.461
c2_2_1,ALNS-Base,43,1.0,32,6544.652
c2_2_1,ALNS-Base,43,10.0,6,1935.261
c2_2_1,ALNS-Base,43,60.0,6,1931.443
c2_2_1,ALNS-Base,43,300.0,6,1931.443
c2_2_1,ALNS-Base,42,1.0,32,6544.652
c2_2_1,ALNS-Base,42,10.0,6,1969.136
c2_2_1,ALNS-Base,42,60.0,6,1931.443
c2_2_1,ALNS-Base,42,300.0,6,1931.443
c2_2_1,ALNS-Base,44,1.0,32,6544.652
c2_2_1,ALNS-Base,44,10.0,6,1931.443
c2_2_1,ALNS-Base,44,60.0,6,1931.443
c2_2_1,ALNS-Base,44,300.0,6,1931.443
c2_2_1,ALNS-Base,46,1.0,32,6544.652
c2_2_1,ALNS-Base,46,10.0,6,1931.443
c2_2_1,ALNS-Base,46,60.0,6,1931.443
c2_2_1,ALNS-Base,46,300.0,6,1931.443
c2_2_1,ALNS-Base,45,1.0,32,6544.652
c2_2_1,ALNS-Base,45,10.0,6,1967.275
c2_2_1,ALNS-Base,45,60.0,6,1931.443
c2_2_1,ALNS-Base,45,300.0,6,1931.443
c2_2_1,Hybrid-DDQN,44,1.0,32,6544.652
c2_2_1,Hybrid-DDQN,44,10.0,6,1931.443
c2_2_1,Hybrid-DDQN,44,60.0,6,1931.443
c2_2_1,Hybrid-DDQN,44,300.0,6,1931.443
c2_2_1,Hybrid-DDQN,43,1.0,32,6544.652
c2_2_1,Hybrid-DDQN,43,10.0,6,1978.851
c2_2_1,Hybrid-DDQN,43,60.0,6,1931.443
c2_2_1,Hybrid-DDQN,43,300.0,6,1931.443
c2_2_2,ALNS-Base,42,1.0,28,5404.031
c2_2_2,ALNS-Base,42,10.0,6,1923.359
c2_2_2,ALNS-Base,42,60.0,6,1889.671
c2_2_2,ALNS-Base,42,300.0,6,1889.671
c2_2_1,Hybrid-DDQN,46,1.0,32,6544.652
c2_2_1,Hybrid-DDQN,46,10.0,6,1998.196
c2_2_1,Hybrid-DDQN,46,60.0,6,1998.196
c2_2_1,Hybrid-DDQN,46,300.0,6,1931.443
c2_2_1,Hybrid-DDQN,45,1.0,20,4773.797
c2_2_1,Hybrid-DDQN,45,10.0,6,1931.443
c2_2_1,Hybrid-DDQN,45,60.0,6,1931.443
c2_2_1,Hybrid-DDQN,45,300.0,6,1931.443
c2_2_1,Hybrid-DDQN,42,1.0,32,6544.652
c2_2_1,Hybrid-DDQN,42,10.0,6,2024.352
c2_2_1,Hybrid-DDQN,42,60.0,6,2024.352
c2_2_1,Hybrid-DDQN,42,300.0,6,1931.443
c2_2_2,ALNS-Base,43,1.0,28,5404.031
c2_2_2,ALNS-Base,43,10.0,6,1906.691
c2_2_2,ALNS-Base,43,60.0,6,1888.955
c2_2_2,ALNS-Base,43,300.0,6,1888.955
c2_2_2,Hybrid-DDQN,42,1.0,28,5404.031
c2_2_2,Hybrid-DDQN,42,10.0,6,1905.242
c2_2_2,Hybrid-DDQN,42,60.0,6,1905.242
c2_2_2,Hybrid-DDQN,42,300.0,6,1863.956
c2_2_2,ALNS-Base,46,1.0,28,5404.031
c2_2_2,ALNS-Base,46,10.0,6,1907.322
c2_2_2,ALNS-Base,46,60.0,6,1883.07
c2_2_2,ALNS-Base,46,300.0,6,1883.07
c2_2_2,ALNS-Base,44,1.0,28,5404.031
c2_2_2,ALNS-Base,44,10.0,6,2016.689
c2_2_2,ALNS-Base,44,60.0,6,1882.666
c2_2_2,ALNS-Base,44,300.0,6,1882.666
c2_2_2,Hybrid-DDQN,43,1.0,28,5404.031
c2_2_2,Hybrid-DDQN,43,10.0,6,1942.33
c2_2_2,Hybrid-DDQN,43,60.0,6,1942.33
c2_2_2,Hybrid-DDQN,43,300.0,6,1863.156
c2_2_2,ALNS-Base,45,1.0,28,5404.031
c2_2_2,ALNS-Base,45,10.0,6,1912.032
c2_2_2,ALNS-Base,45,60.0,6,1865.474
c2_2_2,ALNS-Base,45,300.0,6,1865.474
c2_2_2,Hybrid-DDQN,44,1.0,28,5404.031
c2_2_2,Hybrid-DDQN,44,10.0,6,1934.641
c2_2_2,Hybrid-DDQN,44,60.0,6,1880.439
c2_2_2,Hybrid-DDQN,44,300.0,6,1863.156
r1_2_1,ALNS-Base,45,1.0,22,6411.696
r1_2_1,ALNS-Base,45,10.0,21,5231.24
r1_2_1,ALNS-Base,45,60.0,20,5075.871
r1_2_1,ALNS-Base,45,300.0,20,4920.479
r1_2_1,ALNS-Base,44,1.0,27,6670.183
r1_2_1,ALNS-Base,44,10.0,21,5252.728
r1_2_1,ALNS-Base,44,60.0,20,5262.594
r1_2_1,ALNS-Base,44,300.0,20,4946.257
c2_2_2,Hybrid-DDQN,45,1.0,28,5404.031
c2_2_2,Hybrid-DDQN,45,10.0,6,1917.929
c2_2_2,Hybrid-DDQN,45,60.0,6,1865.308
c2_2_2,Hybrid-DDQN,45,300.0,6,1863.956
c2_2_2,Hybrid-DDQN,46,1.0,28,5404.031
c2_2_2,Hybrid-DDQN,46,10.0,6,1947.385
c2_2_2,Hybrid-DDQN,46,60.0,6,1947.385
c2_2_2,Hybrid-DDQN,46,300.0,6,1863.956
r1_2_1,ALNS-Base,43,1.0,21,6066.705
r1_2_1,ALNS-Base,43,10.0,21,5350.61
r1_2_1,ALNS-Base,43,60.0,20,5131.245
r1_2_1,ALNS-Base,43,300.0,20,4972.555
r1_2_1,ALNS-Base,42,1.0,26,5616.536
r1_2_1,ALNS-Base,42,10.0,21,5099.998
r1_2_1,ALNS-Base,42,60.0,20,5071.696
r1_2_1,ALNS-Base,42,300.0,20,4938.903
r1_2_1,Hybrid-DDQN,42,1.0,21,6097.005
r1_2_1,Hybrid-DDQN,42,10.0,21,5206.863
r1_2_1,Hybrid-DDQN,42,60.0,21,4928.947
r1_2_1,Hybrid-DDQN,42,300.0,20,4870.471
r1_2_1,Hybrid-DDQN,45,1.0,21,5912.935
r1_2_1,Hybrid-DDQN,45,10.0,20,4942.027
r1_2_1,Hybrid-DDQN,45,60.0,20,4942.027
r1_2_1,Hybrid-DDQN,45,300.0,20,4859.586
r1_2_1,ALNS-Base,46,1.0,22,6057.985
r1_2_1,ALNS-Base,46,10.0,20,5432.113
r1_2_1,ALNS-Base,46,60.0,20,5086.613
r1_2_1,ALNS-Base,46,300.0,20,5065.59
r1_2_1,Hybrid-DDQN,43,1.0,25,5830.048
r1_2_1,Hybrid-DDQN,43,10.0,20,5570.029
r1_2_1,Hybrid-DDQN,43,60.0,20,4893.014
r1_2_1,Hybrid-DDQN,43,300.0,20,4817.127
r1_2_1,Hybrid-DDQN,44,1.0,22,6081.502
r1_2_1,Hybrid-DDQN,44,10.0,20,5080.627
r1_2_1,Hybrid-DDQN,44,60.0,20,5034.761
r1_2_1,Hybrid-DDQN,44,300.0,20,4818.39
r1_2_2,ALNS-Base,42,1.0,21,5281.49
r1_2_2,ALNS-Base,42,10.0,18,5029.701
r1_2_2,ALNS-Base,42,60.0,18,4661.513
r1_2_2,ALNS-Base,42,300.0,18,4293.223
r1_2_1,Hybrid-DDQN,46,1.0,22,6141.198
r1_2_1,Hybrid-DDQN,46,10.0,20,6060.336
r1_2_1,Hybrid-DDQN,46,60.0,20,5031.725
r1_2_1,Hybrid-DDQN,46,300.0,20,4821.298
r1_2_2,ALNS-Base,44,1.0,20,5328.43
r1_2_2,ALNS-Base,44,10.0,18,4702.193
r1_2_2,ALNS-Base,44,60.0,18,4577.843
r1_2_2,ALNS-Base,44,300.0,18,4291.41
r1_2_2,ALNS-Base,43,1.0,20,5186.446
r1_2_2,ALNS-Base,43,10.0,18,4642.639
r1_2_2,ALNS-Base,43,60.0,18,4642.639
r1_2_2,ALNS-Base,43,300.0,18,4276.07
r1_2_2,Hybrid-DDQN,42,1.0,19,5059.711
r1_2_2,Hybrid-DDQN,42,10.0,18,4959.578
r1_2_2,Hybrid-DDQN,42,60.0,18,4601.513
r1_2_2,Hybrid-DDQN,42,300.0,18,4206.828
r1_2_2,Hybrid-DDQN,45,1.0,18,5548.054
r1_2_2,Hybrid-DDQN,45,10.0,18,4949.936
r1_2_2,Hybrid-DDQN,45,60.0,18,4491.559
r1_2_2,Hybrid-DDQN,45,300.0,18,4248.813
r1_2_2,ALNS-Base,46,1.0,19,5043.524
r1_2_2,ALNS-Base,46,10.0,18,4622.112
r1_2_2,ALNS-Base,46,60.0,18,4622.112
r1_2_2,ALNS-Base,46,300.0,18,4386.324
r1_2_2,Hybrid-DDQN,43,1.0,21,4620.013
r1_2_2,Hybrid-DDQN,43,10.0,18,5241.292
r1_2_2,Hybrid-DDQN,43,60.0,18,4226.466
r1_2_2,Hybrid-DDQN,43,300.0,18,4133.988
r1_2_2,ALNS-Base,45,1.0,19,5152.954
r1_2_2,ALNS-Base,45,10.0,18,4742.671
r1_2_2,ALNS-Base,45,60.0,18,4712.17
r1_2_2,ALNS-Base,45,300.0,18,4329.526
r1_2_2,Hybrid-DDQN,44,1.0,19,5060.845
r1_2_2,Hybrid-DDQN,44,10.0,18,5558.191
r1_2_2,Hybrid-DDQN,44,60.0,18,5377.09
r1_2_2,Hybrid-DDQN,44,300.0,18,4235.191
r1_2_2,Hybrid-DDQN,46,1.0,18,5437.889
r1_2_2,Hybrid-DDQN,46,10.0,18,5022.863
r1_2_2,Hybrid-DDQN,46,60.0,18,4411.38
r1_2_2,Hybrid-DDQN,46,300.0,18,4249.31
r2_2_1,ALNS-Base,42,1.0,27,7151.755
r2_2_1,ALNS-Base,42,10.0,5,4321.606
r2_2_1,ALNS-Base,42,60.0,5,4165.32
r2_2_1,ALNS-Base,42,300.0,5,4165.32
r2_2_1,ALNS-Base,45,1.0,27,7151.755
r2_2_1,ALNS-Base,45,10.0,5,4345.371
r2_2_1,ALNS-Base,45,60.0,5,4245.835
r2_2_1,ALNS-Base,45,300.0,5,4245.835
r2_2_1,ALNS-Base,44,1.0,27,7151.755
r2_2_1,ALNS-Base,44,10.0,5,4233.842
r2_2_1,ALNS-Base,44,60.0,5,4162.059
r2_2_1,ALNS-Base,44,300.0,5,4162.059
r2_2_1,ALNS-Base,43,1.0,27,7151.755
r2_2_1,ALNS-Base,43,10.0,5,4236.067
r2_2_1,ALNS-Base,43,60.0,5,4196.449
r2_2_1,ALNS-Base,43,300.0,5,4196.449
r2_2_1,ALNS-Base,46,1.0,27,7151.755
r2_2_1,ALNS-Base,46,10.0,5,4366.349
r2_2_1,ALNS-Base,46,60.0,5,4096.722
r2_2_1,ALNS-Base,46,300.0,5,4096.722
r2_2_1,Hybrid-DDQN,43,1.0,27,7151.755
r2_2_1,Hybrid-DDQN,43,10.0,5,4665.828
r2_2_1,Hybrid-DDQN,43,60.0,5,4665.828
r2_2_1,Hybrid-DDQN,43,300.0,5,4085.193
r2_2_1,Hybrid-DDQN,44,1.0,27,7151.755
r2_2_1,Hybrid-DDQN,44,10.0,5,4489.629
r2_2_1,Hybrid-DDQN,44,60.0,5,4489.629
r2_2_1,Hybrid-DDQN,44,300.0,5,4144.374
r2_2_1,Hybrid-DDQN,46,1.0,25,7057.864
r2_2_1,Hybrid-DDQN,46,10.0,5,4528.274
r2_2_1,Hybrid-DDQN,46,60.0,5,4528.274
r2_2_1,Hybrid-DDQN,46,300.0,5,4528.274
r2_2_1,Hybrid-DDQN,42,1.0,27,7151.755
r2_2_1,Hybrid-DDQN,42,10.0,5,4450.951
r2_2_1,Hybrid-DDQN,42,60.0,5,4450.951
r2_2_1,Hybrid-DDQN,42,300.0,5,4450.951
r2_2_1,Hybrid-DDQN,45,1.0,10,4855.969
r2_2_1,Hybrid-DDQN,45,10.0,5,4452.665
r2_2_1,Hybrid-DDQN,45,60.0,5,4452.665
r2_2_1,Hybrid-DDQN,45,300.0,5,4452.665
r2_2_2,ALNS-Base,46,1.0,28,6999.557
r2_2_2,ALNS-Base,46,10.0,4,3970.542
r2_2_2,ALNS-Base,46,60.0,4,3933.845
r2_2_2,ALNS-Base,46,300.0,4,3933.845
r2_2_2,ALNS-Base,42,1.0,28,6999.557
r2_2_2,ALNS-Base,42,10.0,4,4000.761
r2_2_2,ALNS-Base,42,60.0,4,3831.63
r2_2_2,ALNS-Base,42,300.0,4,3831.63
r2_2_2,Hybrid-DDQN,42,1.0,28,6999.557
r2_2_2,Hybrid-DDQN,42,10.0,4,4064.114
r2_2_2,Hybrid-DDQN,42,60.0,4,3882.528
r2_2_2,Hybrid-DDQN,42,300.0,4,3797.009
r2_2_2,ALNS-Base,43,1.0,28,6999.557
r2_2_2,ALNS-Base,43,10.0,4,4007.2
r2_2_2,ALNS-Base,43,60.0,4,3820.851
r2_2_2,ALNS-Base,43,300.0,4,3820.851
r2_2_2,ALNS-Base,45,1.0,28,6999.557
r2_2_2,ALNS-Base,45,10.0,5,3518.805
r2_2_2,ALNS-Base,45,60.0,4,3781.088
r2_2_2,ALNS-Base,45,300.0,4,3781.088
r2_2_2,ALNS-Base,44,1.0,28,6999.557
r2_2_2,ALNS-Base,44,10.0,5,3551.569
r2_2_2,ALNS-Base,44,60.0,4,3834.317
r2_2_2,ALNS-Base,44,300.0,4,3834.317
rc1_2_1,ALNS-Base,42,1.0,21,4270.143
rc1_2_1,ALNS-Base,42,10.0,19,3925.053
rc1_2_1,ALNS-Base,42,60.0,19,3715.897
rc1_2_1,ALNS-Base,42,300.0,19,3635.365
rc1_2_1,ALNS-Base,43,1.0,20,3942.627
rc1_2_1,ALNS-Base,43,10.0,19,4005.325
rc1_2_1,ALNS-Base,43,60.0,19,3715.928
rc1_2_1,ALNS-Base,43,300.0,19,3665.853
r2_2_2,Hybrid-DDQN,46,1.0,28,6999.557
r2_2_2,Hybrid-DDQN,46,10.0,5,3835.537
r2_2_2,Hybrid-DDQN,46,60.0,5,3835.537
r2_2_2,Hybrid-DDQN,46,300.0,5,3402.284
r2_2_2,Hybrid-DDQN,43,1.0,28,6999.557
r2_2_2,Hybrid-DDQN,43,10.0,5,3899.319
r2_2_2,Hybrid-DDQN,43,60.0,4,3855.122
r2_2_2,Hybrid-DDQN,43,300.0,4,3761.296
r2_2_2,Hybrid-DDQN,44,1.0,28,6999.557
r2_2_2,Hybrid-DDQN,44,10.0,5,3623.797
r2_2_2,Hybrid-DDQN,44,60.0,5,3463.442
r2_2_2,Hybrid-DDQN,44,300.0,5,3463.442
r2_2_2,Hybrid-DDQN,45,1.0,28,6999.557
r2_2_2,Hybrid-DDQN,45,10.0,5,4051.756
r2_2_2,Hybrid-DDQN,45,60.0,5,4051.756
r2_2_2,Hybrid-DDQN,45,300.0,5,3425.753
rc1_2_1,ALNS-Base,44,1.0,20,4104.239
rc1_2_1,ALNS-Base,44,10.0,19,3868.529
rc1_2_1,ALNS-Base,44,60.0,19,3708.927
rc1_2_1,ALNS-Base,44,300.0,19,3649.356
rc1_2_1,ALNS-Base,46,1.0,21,4223.71
rc1_2_1,ALNS-Base,46,10.0,19,3807.563
rc1_2_1,ALNS-Base,46,60.0,19,3691.35
rc1_2_1,ALNS-Base,46,300.0,19,3662.005
rc1_2_1,Hybrid-DDQN,43,1.0,20,4374.732
rc1_2_1,Hybrid-DDQN,43,10.0,19,3799.494
rc1_2_1,Hybrid-DDQN,43,60.0,19,3799.494
rc1_2_1,Hybrid-DDQN,43,300.0,19,3573.696
rc1_2_1,ALNS-Base,45,1.0,20,4388.213
rc1_2_1,ALNS-Base,45,10.0,19,4023.173
rc1_2_1,ALNS-Base,45,60.0,19,3676.446
rc1_2_1,ALNS-Base,45,300.0,19,3619.816
rc1_2_1,Hybrid-DDQN,42,1.0,20,4900.24
rc1_2_1,Hybrid-DDQN,42,10.0,19,3726.796
rc1_2_1,Hybrid-DDQN,42,60.0,19,3726.796
rc1_2_1,Hybrid-DDQN,42,300.0,19,3574.364
rc1_2_1,Hybrid-DDQN,45,1.0,20,4291.273
rc1_2_1,Hybrid-DDQN,45,10.0,19,3794.299
rc1_2_1,Hybrid-DDQN,45,60.0,19,3729.721
rc1_2_1,Hybrid-DDQN,45,300.0,19,3616.359
rc1_2_1,Hybrid-DDQN,44,1.0,21,4405.969
rc1_2_1,Hybrid-DDQN,44,10.0,19,3830.111
rc1_2_1,Hybrid-DDQN,44,60.0,19,3830.111
rc1_2_1,Hybrid-DDQN,44,300.0,19,3578.603
rc1_2_1,Hybrid-DDQN,46,1.0,20,4269.499
rc1_2_1,Hybrid-DDQN,46,10.0,20,3839.122
rc1_2_1,Hybrid-DDQN,46,60.0,19,3712.218
rc1_2_1,Hybrid-DDQN,46,300.0,19,3568.923
rc1_2_2,ALNS-Base,43,1.0,19,4260.747
rc1_2_2,ALNS-Base,43,10.0,19,3414.106
rc1_2_2,ALNS-Base,43,60.0,19,3414.106
rc1_2_2,ALNS-Base,43,300.0,19,3414.106
rc1_2_2,ALNS-Base,42,1.0,19,4092.175
rc1_2_2,ALNS-Base,42,10.0,19,3623.722
rc1_2_2,ALNS-Base,42,60.0,19,3332.074
rc1_2_2,ALNS-Base,42,300.0,19,3332.074
rc1_2_2,ALNS-Base,44,1.0,19,4195.855
rc1_2_2,ALNS-Base,44,10.0,18,4809.323
rc1_2_2,ALNS-Base,44,60.0,18,3957.369
rc1_2_2,ALNS-Base,44,300.0,18,3957.369
rc1_2_2,Hybrid-DDQN,42,1.0,19,4192.785
rc1_2_2,Hybrid-DDQN,42,10.0,18,3987.96
rc1_2_2,Hybrid-DDQN,42,60.0,18,3833.851
rc1_2_2,Hybrid-DDQN,42,300.0,18,3490.309
rc1_2_2,ALNS-Base,45,1.0,19,3570.72
rc1_2_2,ALNS-Base,45,10.0,19,3486.362
rc1_2_2,ALNS-Base,45,60.0,19,3344.449
rc1_2_2,ALNS-Base,45,300.0,19,3344.449
rc1_2_2,Hybrid-DDQN,43,1.0,19,3869.824
rc1_2_2,Hybrid-DDQN,43,10.0,19,3869.824
rc1_2_2,Hybrid-DDQN,43,60.0,18,3569.566
rc1_2_2,Hybrid-DDQN,43,300.0,18,3341.616
rc1_2_2,Hybrid-DDQN,44,1.0,19,3741.147
rc1_2_2,Hybrid-DDQN,44,10.0,18,4662.749
rc1_2_2,Hybrid-DDQN,44,60.0,18,3830.874
rc1_2_2,Hybrid-DDQN,44,300.0,18,3365.575
rc1_2_2,Hybrid-DDQN,45,1.0,19,4019.963
rc1_2_2,Hybrid-DDQN,45,10.0,18,4118.203
rc1_2_2,Hybrid-DDQN,45,60.0,18,4118.203
rc1_2_2,Hybrid-DDQN,45,300.0,18,3586.888
rc1_2_2,ALNS-Base,46,1.0,19,4117.675
rc1_2_2,ALNS-Base,46,10.0,19,3621.029
rc1_2_2,ALNS-Base,46,60.0,19,3394.972
rc1_2_2,ALNS-Base,46,300.0,19,3365.769
rc1_2_2,Hybrid-DDQN,46,1.0,19,3760.21
rc1_2_2,Hybrid-DDQN,46,10.0,18,4213.652
rc1_2_2,Hybrid-DDQN,46,60.0,18,3859.445
rc1_2_2,Hybrid-DDQN,46,300.0,18,3594.246
rc2_2_1,ALNS-Base,42,1.0,10,3294.537
rc2_2_1,ALNS-Base,42,10.0,6,3379.234
rc2_2_1,ALNS-Base,42,60.0,6,3281.039
rc2_2_1,ALNS-Base,42,300.0,6,3165.864
rc2_2_1,ALNS-Base,44,1.0,8,3248.783
rc2_2_1,ALNS-Base,44,10.0,7,3110.907
rc2_2_1,ALNS-Base,44,60.0,6,3272.567
rc2_2_1,ALNS-Base,44,300.0,6,3272.567
rc2_2_1,ALNS-Base,46,1.0,7,3522.989
rc2_2_1,ALNS-Base,46,10.0,6,3284.979
rc2_2_1,ALNS-Base,46,60.0,6,3216.31
rc2_2_1,ALNS-Base,46,300.0,6,3216.31
rc2_2_1,ALNS-Base,45,1.0,7,3586.04
rc2_2_1,ALNS-Base,45,10.0,7,3079.372
rc2_2_1,ALNS-Base,45,60.0,7,2987.492
rc2_2_1,ALNS-Base,45,300.0,7,2987.492
rc2_2_1,ALNS-Base,43,1.0,7,3620.424
rc2_2_1,ALNS-Base,43,10.0,6,3360.504
rc2_2_1,ALNS-Base,43,60.0,6,3215.924
rc2_2_1,ALNS-Base,43,300.0,6,3215.924
rc2_2_2,ALNS-Base,42,1.0,19,5461.035
rc2_2_2,ALNS-Base,42,10.0,6,2828.515
rc2_2_2,ALNS-Base,42,60.0,6,2706.344
rc2_2_2,ALNS-Base,42,300.0,5,2994.095
rc2_2_1,Hybrid-DDQN,45,1.0,8,4300.693
rc2_2_1,Hybrid-DDQN,45,10.0,7,3357.097
rc2_2_1,Hybrid-DDQN,45,60.0,7,3357.097
rc2_2_1,Hybrid-DDQN,45,300.0,7,3357.097
rc2_2_1,Hybrid-DDQN,44,1.0,7,3798.62
rc2_2_1,Hybrid-DDQN,44,10.0,7,3293.413
rc2_2_1,Hybrid-DDQN,44,60.0,6,3377.204
rc2_2_1,Hybrid-DDQN,44,300.0,6,3343.559
rc2_2_1,Hybrid-DDQN,43,1.0,7,4057.807
rc2_2_1,Hybrid-DDQN,43,10.0,6,3198.478
rc2_2_1,Hybrid-DDQN,43,60.0,6,3198.478
rc2_2_1,Hybrid-DDQN,43,300.0,6,3198.478
rc2_2_1,Hybrid-DDQN,42,1.0,7,3551.353
rc2_2_1,Hybrid-DDQN,42,10.0,7,3258.105
rc2_2_1,Hybrid-DDQN,42,60.0,7,3258.105
rc2_2_1,Hybrid-DDQN,42,300.0,7,3258.105
rc2_2_1,Hybrid-DDQN,46,1.0,19,5677.666
rc2_2_1,Hybrid-DDQN,46,10.0,7,3234.301
rc2_2_1,Hybrid-DDQN,46,60.0,7,3234.301
rc2_2_1,Hybrid-DDQN,46,300.0,7,3234.301
rc2_2_2,ALNS-Base,44,1.0,19,5461.035
rc2_2_2,ALNS-Base,44,10.0,5,3174.171
rc2_2_2,ALNS-Base,44,60.0,5,3054.585
rc2_2_2,ALNS-Base,44,300.0,5,2923.278
rc2_2_2,ALNS-Base,45,1.0,19,5461.035
rc2_2_2,ALNS-Base,45,10.0,5,3086.73
rc2_2_2,ALNS-Base,45,60.0,5,2961.755
rc2_2_2,ALNS-Base,45,300.0,5,2944.005
rc2_2_2,ALNS-Base,43,1.0,19,5461.035
rc2_2_2,ALNS-Base,43,10.0,6,2814.467
rc2_2_2,ALNS-Base,43,60.0,5,2911.971
rc2_2_2,ALNS-Base,43,300.0,5,2911.971
rc2_2_2,ALNS-Base,46,1.0,19,5461.035
rc2_2_2,ALNS-Base,46,10.0,6,2908.457
rc2_2_2,ALNS-Base,46,60.0,5,2939.541
rc2_2_2,ALNS-Base,46,300.0,5,2919.449
rc2_2_2,Hybrid-DDQN,42,1.0,19,5461.035
rc2_2_2,Hybrid-DDQN,42,10.0,6,2898.909
rc2_2_2,Hybrid-DDQN,42,60.0,5,3115.015
rc2_2_2,Hybrid-DDQN,42,300.0,5,2922.269
rc2_2_2,Hybrid-DDQN,43,1.0,19,5461.035
rc2_2_2,Hybrid-DDQN,43,10.0,6,2924.671
rc2_2_2,Hybrid-DDQN,43,60.0,5,2967.483
rc2_2_2,Hybrid-DDQN,43,300.0,5,2901.875
rc2_2_2,Hybrid-DDQN,45,1.0,19,5461.035
rc2_2_2,Hybrid-DDQN,45,10.0,6,2943.617
rc2_2_2,Hybrid-DDQN,45,60.0,5,3192.107
rc2_2_2,Hybrid-DDQN,45,300.0,5,3008.632
rc2_2_2,Hybrid-DDQN,46,1.0,19,5461.035
rc2_2_2,Hybrid-DDQN,46,10.0,6,3053.056
rc2_2_2,Hybrid-DDQN,46,60.0,6,2845.992
rc2_2_2,Hybrid-DDQN,46,300.0,6,2834.231
rc2_2_2,Hybrid-DDQN,44,1.0,19,5461.035
rc2_2_2,Hybrid-DDQN,44,10.0,6,2904.636
rc2_2_2,Hybrid-DDQN,44,60.0,6,2904.636
rc2_2_2,Hybrid-DDQN,44,300.0,6,2904.636
